id,name,category,image,rating,reviewCount,description,city,neighborhood,location,price,services,contact,businessHours
1,Elite Hair Studio,Hair Salon,https://images.unsplash.com/photo-1521590832167-7bcbfaa6381f?auto=format&fit=crop&w=600&h=400,4.8,128,Luxury hair salon offering premium services with expert stylists and a serene atmosphere.,New York,Manhattan,"123 5th Ave, Manhattan, New York",$$,Women's Haircut; Men's Haircut; Hair Coloring; Highlights; Balayage; Hair Treatment; Styling; Extensions,"{""phone"":""123-456-7890"",""email"":""info@elitehairstudio.com"",""website"":""www.elitehairstudio.com"",""social"":{""instagram"":""elitehairstudio"",""facebook"":""EliteHairStudio""}}","{""monday"":""9:00 AM - 7:00 PM"",""tuesday"":""9:00 AM - 7:00 PM"",""wednesday"":""9:00 AM - 7:00 PM"",""thursday"":""9:00 AM - 8:00 PM"",""friday"":""9:00 AM - 8:00 PM"",""saturday"":""9:00 AM - 6:00 PM"",""sunday"":""Closed""}"
2,Luxe Hair Lounge,Hair Salon,https://images.unsplash.com/photo-1560066984-138dadb4c035?auto=format&fit=crop&w=600&h=400,4.7,156,"Experience luxury hair care in our modern, upscale salon.",Los Angeles,Beverly Hills,"456 Rodeo Dr, Beverly Hills, Los Angeles",$$$,Precision Haircut; Blow Dry & Style; Hair Treatments; Color Services; Bridal Styling; Extensions,"{""phone"":""234-567-8901"",""email"":""hello@luxehairlounge.com"",""website"":""www.luxehairlounge.com"",""social"":{""instagram"":""luxehairlounge"",""facebook"":""LuxeHairLounge""}}","{""monday"":""10:00 AM - 8:00 PM"",""tuesday"":""10:00 AM - 8:00 PM"",""wednesday"":""10:00 AM - 8:00 PM"",""thursday"":""10:00 AM - 9:00 PM"",""friday"":""10:00 AM - 9:00 PM"",""saturday"":""9:00 AM - 7:00 PM"",""sunday"":""11:00 AM - 5:00 PM""}"
3,Style & Grace Salon,Hair Salon,https://images.unsplash.com/photo-1595475884562-073c30d45670?auto=format&fit=crop&w=600&h=400,4.9,203,Where style meets sophistication. Expert stylists create stunning looks.,Chicago,River North,"789 N Michigan Ave, Chicago",$$,Designer Cuts; Creative Color; Keratin Treatments; Special Event Styling; Hair Extensions; Scalp Treatments,"{""phone"":""345-678-9012"",""email"":""info@styleandgrace.com"",""website"":""www.styleandgrace.com"",""social"":{""instagram"":""styleandgrace"",""facebook"":""StyleAndGrace""}}","{""monday"":""9:00 AM - 6:00 PM"",""tuesday"":""9:00 AM - 6:00 PM"",""wednesday"":""9:00 AM - 8:00 PM"",""thursday"":""9:00 AM - 8:00 PM"",""friday"":""9:00 AM - 6:00 PM"",""saturday"":""8:00 AM - 5:00 PM"",""sunday"":""Closed""}"
4,Chic & Shine,Hair Salon,https://images.unsplash.com/photo-1600948836101-f9ffda59d250?auto=format&fit=crop&w=600&h=400,4.6,167,Contemporary salon focusing on modern techniques and trends.,San Francisco,Financial District,"321 Ocean Drive, San Francisco",$$,Contemporary Cuts; Fashion Color; Balayage; Brazilian Blowout; Extensions; Styling,"{""phone"":""456-789-0123"",""email"":""hello@chicandshine.com"",""website"":""www.chicandshine.com"",""social"":{""instagram"":""chicandshine"",""facebook"":""ChicAndShine""}}","{""monday"":""10:00 AM - 7:00 PM"",""tuesday"":""10:00 AM - 7:00 PM"",""wednesday"":""10:00 AM - 8:00 PM"",""thursday"":""10:00 AM - 8:00 PM"",""friday"":""10:00 AM - 7:00 PM"",""saturday"":""9:00 AM - 6:00 PM"",""sunday"":""Closed""}"
5,Classic Cuts Barbershop,Barbershop,https://images.unsplash.com/photo-1585747860715-2ba37e788b70?auto=format&fit=crop&w=600&h=400,4.9,245,Traditional barbershop offering classic cuts and hot towel shaves.,San Francisco,Financial District,"567 Market St, San Francisco",$$,Classic Haircuts; Hot Towel Shaves; Beard Trims; Line Ups; Facial Grooming; Hair Styling,"{""phone"":""567-890-1234"",""email"":""info@classiccuts.com"",""website"":""www.classiccuts.com"",""social"":{""instagram"":""classiccuts"",""facebook"":""ClassicCutsBarbershop""}}","{""monday"":""8:00 AM - 7:00 PM"",""tuesday"":""8:00 AM - 7:00 PM"",""wednesday"":""8:00 AM - 7:00 PM"",""thursday"":""8:00 AM - 8:00 PM"",""friday"":""8:00 AM - 8:00 PM"",""saturday"":""7:00 AM - 6:00 PM"",""sunday"":""9:00 AM - 3:00 PM""}"
6,Modern Center,Spa,https://images.unsplash.com/photo-1521590832167-7bcbfaa6381f?auto=format&fit=crop&w=600&h=400,4.8,128,Luxury hair salon offering premium services with expert stylists and a serene atmosphere.,New York,Brooklyn,"123 5th Ave, Manhattan, New York",$$,Facial Treatments; Massages; Body Scrubs,"{""phone"":""123-456-7890"",""email"":""info@elitehairstudio.com"",""website"":""www.elitehairstudio.com"",""social"":{""instagram"":""elitehairstudio"",""facebook"":""EliteHairStudio""}}","{""monday"":""9:00 AM - 7:00 PM"",""tuesday"":""9:00 AM - 7:00 PM"",""wednesday"":""9:00 AM - 7:00 PM"",""thursday"":""9:00 AM - 8:00 PM"",""friday"":""9:00 AM - 8:00 PM"",""saturday"":""9:00 AM - 6:00 PM"",""sunday"":""Closed""}"
7,Grand Retreat,Beauty Salon,https://images.unsplash.com/photo-1560066984-138dadb4c035?auto=format&fit=crop&w=600&h=400,4.7,156,"Experience luxury hair care in our modern, upscale salon.",London,Chelsea,"456 Rodeo Dr, Beverly Hills, Los Angeles",$$$,Waxing; Makeup Application; Facials,"{""phone"":""234-567-8901"",""email"":""hello@luxehairlounge.com"",""website"":""www.luxehairlounge.com"",""social"":{""instagram"":""luxehairlounge"",""facebook"":""LuxeHairLounge""}}","{""monday"":""10:00 AM - 8:00 PM"",""tuesday"":""10:00 AM - 8:00 PM"",""wednesday"":""10:00 AM - 8:00 PM"",""thursday"":""10:00 AM - 9:00 PM"",""friday"":""10:00 AM - 9:00 PM"",""saturday"":""9:00 AM - 7:00 PM"",""sunday"":""11:00 AM - 5:00 PM""}"
8,Trendy Gym,Spa,https://images.unsplash.com/photo-1595475884562-073c30d45670?auto=format&fit=crop&w=600&h=400,4.9,203,Where style meets sophistication. Expert stylists create stunning looks.,London,Soho,"789 N Michigan Ave, Chicago",$$,Body Scrubs; Facial Treatments; Massages,"{""phone"":""345-678-9012"",""email"":""info@styleandgrace.com"",""website"":""www.styleandgrace.com"",""social"":{""instagram"":""styleandgrace"",""facebook"":""StyleAndGrace""}}","{""monday"":""9:00 AM - 6:00 PM"",""tuesday"":""9:00 AM - 6:00 PM"",""wednesday"":""9:00 AM - 8:00 PM"",""thursday"":""9:00 AM - 8:00 PM"",""friday"":""9:00 AM - 6:00 PM"",""saturday"":""8:00 AM - 5:00 PM"",""sunday"":""Closed""}"
9,Royal Barbers,Barbershop,https://images.unsplash.com/photo-1600948836101-f9ffda59d250?auto=format&fit=crop&w=600&h=400,4.6,167,Contemporary salon focusing on modern techniques and trends.,Paris,Montmartre,"321 Ocean Drive, San Francisco",$$,Classic Haircuts; Beard Trimming; Hot Towel Shaves,"{""phone"":""456-789-0123"",""email"":""hello@chicandshine.com"",""website"":""www.chicandshine.com"",""social"":{""instagram"":""chicandshine"",""facebook"":""ChicAndShine""}}","{""monday"":""10:00 AM - 7:00 PM"",""tuesday"":""10:00 AM - 7:00 PM"",""wednesday"":""10:00 AM - 8:00 PM"",""thursday"":""10:00 AM - 8:00 PM"",""friday"":""10:00 AM - 7:00 PM"",""saturday"":""9:00 AM - 6:00 PM"",""sunday"":""Closed""}"
10,Grand Lounge,Beauty Salon,https://images.unsplash.com/photo-1585747860715-2ba37e788b70?auto=format&fit=crop&w=600&h=400,4.9,245,Traditional barbershop offering classic cuts and hot towel shaves.,New York,Manhattan,"567 Market St, San Francisco",$$,Waxing; Nail Services; Makeup Application,"{""phone"":""567-890-1234"",""email"":""info@classiccuts.com"",""website"":""www.classiccuts.com"",""social"":{""instagram"":""classiccuts"",""facebook"":""ClassicCutsBarbershop""}}","{""monday"":""8:00 AM - 7:00 PM"",""tuesday"":""8:00 AM - 7:00 PM"",""wednesday"":""8:00 AM - 7:00 PM"",""thursday"":""8:00 AM - 8:00 PM"",""friday"":""8:00 AM - 8:00 PM"",""saturday"":""7:00 AM - 6:00 PM"",""sunday"":""9:00 AM - 3:00 PM""}"
11,Premier Haven,Spa,https://images.unsplash.com/photo-1521590832167-7bcbfaa6381f?auto=format&fit=crop&w=600&h=400,4.8,128,Luxury hair salon offering premium services with expert stylists and a serene atmosphere.,London,Chelsea,"123 5th Ave, Manhattan, New York",$$,Facial Treatments; Saunas; Massages,"{""phone"":""123-456-7890"",""email"":""info@elitehairstudio.com"",""website"":""www.elitehairstudio.com"",""social"":{""instagram"":""elitehairstudio"",""facebook"":""EliteHairStudio""}}","{""monday"":""9:00 AM - 7:00 PM"",""tuesday"":""9:00 AM - 7:00 PM"",""wednesday"":""9:00 AM - 7:00 PM"",""thursday"":""9:00 AM - 8:00 PM"",""friday"":""9:00 AM - 8:00 PM"",""saturday"":""9:00 AM - 6:00 PM"",""sunday"":""Closed""}"
12,Trendy Retreat,Barbershop,https://images.unsplash.com/photo-1560066984-138dadb4c035?auto=format&fit=crop&w=600&h=400,4.7,156,"Experience luxury hair care in our modern, upscale salon.",Los Angeles,Hollywood,"456 Rodeo Dr, Beverly Hills, Los Angeles",$$$,Classic Haircuts; Hot Towel Shaves; Beard Trimming,"{""phone"":""234-567-8901"",""email"":""hello@luxehairlounge.com"",""website"":""www.luxehairlounge.com"",""social"":{""instagram"":""luxehairlounge"",""facebook"":""LuxeHairLounge""}}","{""monday"":""10:00 AM - 8:00 PM"",""tuesday"":""10:00 AM - 8:00 PM"",""wednesday"":""10:00 AM - 8:00 PM"",""thursday"":""10:00 AM - 9:00 PM"",""friday"":""10:00 AM - 9:00 PM"",""saturday"":""9:00 AM - 7:00 PM"",""sunday"":""11:00 AM - 5:00 PM""}"
13,Royal Lounge,Beauty Salon,https://images.unsplash.com/photo-1595475884562-073c30d45670?auto=format&fit=crop&w=600&h=400,4.9,203,Where style meets sophistication. Expert stylists create stunning looks.,Berlin,Charlottenburg,"789 N Michigan Ave, Chicago",$$,Facials; Waxing; Makeup Application,"{""phone"":""345-678-9012"",""email"":""info@styleandgrace.com"",""website"":""www.styleandgrace.com"",""social"":{""instagram"":""styleandgrace"",""facebook"":""StyleAndGrace""}}","{""monday"":""9:00 AM - 6:00 PM"",""tuesday"":""9:00 AM - 6:00 PM"",""wednesday"":""9:00 AM - 8:00 PM"",""thursday"":""9:00 AM - 8:00 PM"",""friday"":""9:00 AM - 6:00 PM"",""saturday"":""8:00 AM - 5:00 PM"",""sunday"":""Closed""}"
14,Chic Salon,Hair Salon,https://images.unsplash.com/photo-1600948836101-f9ffda59d250?auto=format&fit=crop&w=600&h=400,4.6,167,Contemporary salon focusing on modern techniques and trends.,Dubai,Downtown,"321 Ocean Drive, San Francisco",$$,Men's Haircut; Women's Haircut; Hair Coloring,"{""phone"":""456-789-0123"",""email"":""hello@chicandshine.com"",""website"":""www.chicandshine.com"",""social"":{""instagram"":""chicandshine"",""facebook"":""ChicAndShine""}}","{""monday"":""10:00 AM - 7:00 PM"",""tuesday"":""10:00 AM - 7:00 PM"",""wednesday"":""10:00 AM - 8:00 PM"",""thursday"":""10:00 AM - 8:00 PM"",""friday"":""10:00 AM - 7:00 PM"",""saturday"":""9:00 AM - 6:00 PM"",""sunday"":""Closed""}"
15,Elite Beauty,Barbershop,https://images.unsplash.com/photo-1585747860715-2ba37e788b70?auto=format&fit=crop&w=600&h=400,4.9,245,Traditional barbershop offering classic cuts and hot towel shaves.,Berlin,Charlottenburg,"567 Market St, San Francisco",$$,Beard Trimming; Hot Towel Shaves; Classic Haircuts,"{""phone"":""567-890-1234"",""email"":""info@classiccuts.com"",""website"":""www.classiccuts.com"",""social"":{""instagram"":""classiccuts"",""facebook"":""ClassicCutsBarbershop""}}","{""monday"":""8:00 AM - 7:00 PM"",""tuesday"":""8:00 AM - 7:00 PM"",""wednesday"":""8:00 AM - 7:00 PM"",""thursday"":""8:00 AM - 8:00 PM"",""friday"":""8:00 AM - 8:00 PM"",""saturday"":""7:00 AM - 6:00 PM"",""sunday"":""9:00 AM - 3:00 PM""}"
16,Elite Gym,Beauty Salon,https://images.unsplash.com/photo-1521590832167-7bcbfaa6381f?auto=format&fit=crop&w=600&h=400,4.8,128,Luxury hair salon offering premium services with expert stylists and a serene atmosphere.,Paris,Montmartre,"123 5th Ave, Manhattan, New York",$$,Facials; Makeup Application; Waxing,"{""phone"":""123-456-7890"",""email"":""info@elitehairstudio.com"",""website"":""www.elitehairstudio.com"",""social"":{""instagram"":""elitehairstudio"",""facebook"":""EliteHairStudio""}}","{""monday"":""9:00 AM - 7:00 PM"",""tuesday"":""9:00 AM - 7:00 PM"",""wednesday"":""9:00 AM - 7:00 PM"",""thursday"":""9:00 AM - 8:00 PM"",""friday"":""9:00 AM - 8:00 PM"",""saturday"":""9:00 AM - 6:00 PM"",""sunday"":""Closed""}"
17,Luxe Center,Hair Salon,https://images.unsplash.com/photo-1560066984-138dadb4c035?auto=format&fit=crop&w=600&h=400,4.7,156,"Experience luxury hair care in our modern, upscale salon.",Tokyo,Ginza,"456 Rodeo Dr, Beverly Hills, Los Angeles",$$$,Men's Haircut; Hair Coloring; Hair Styling,"{""phone"":""234-567-8901"",""email"":""hello@luxehairlounge.com"",""website"":""www.luxehairlounge.com"",""social"":{""instagram"":""luxehairlounge"",""facebook"":""LuxeHairLounge""}}","{""monday"":""10:00 AM - 8:00 PM"",""tuesday"":""10:00 AM - 8:00 PM"",""wednesday"":""10:00 AM - 8:00 PM"",""thursday"":""10:00 AM - 9:00 PM"",""friday"":""10:00 AM - 9:00 PM"",""saturday"":""9:00 AM - 7:00 PM"",""sunday"":""11:00 AM - 5:00 PM""}"
18,Luxe Lounge,Beauty Salon,https://images.unsplash.com/photo-1595475884562-073c30d45670?auto=format&fit=crop&w=600&h=400,4.9,203,Where style meets sophistication. Expert stylists create stunning looks.,London,Chelsea,"789 N Michigan Ave, Chicago",$$,Facials; Makeup Application; Waxing,"{""phone"":""345-678-9012"",""email"":""info@styleandgrace.com"",""website"":""www.styleandgrace.com"",""social"":{""instagram"":""styleandgrace"",""facebook"":""StyleAndGrace""}}","{""monday"":""9:00 AM - 6:00 PM"",""tuesday"":""9:00 AM - 6:00 PM"",""wednesday"":""9:00 AM - 8:00 PM"",""thursday"":""9:00 AM - 8:00 PM"",""friday"":""9:00 AM - 6:00 PM"",""saturday"":""8:00 AM - 5:00 PM"",""sunday"":""Closed""}"
19,Elite Spa,Beauty Salon,https://images.unsplash.com/photo-1600948836101-f9ffda59d250?auto=format&fit=crop&w=600&h=400,4.6,167,Contemporary salon focusing on modern techniques and trends.,Paris,Le Marais,"321 Ocean Drive, San Francisco",$$,Makeup Application; Facials; Waxing,"{""phone"":""456-789-0123"",""email"":""hello@chicandshine.com"",""website"":""www.chicandshine.com"",""social"":{""instagram"":""chicandshine"",""facebook"":""ChicAndShine""}}","{""monday"":""10:00 AM - 7:00 PM"",""tuesday"":""10:00 AM - 7:00 PM"",""wednesday"":""10:00 AM - 8:00 PM"",""thursday"":""10:00 AM - 8:00 PM"",""friday"":""10:00 AM - 7:00 PM"",""saturday"":""9:00 AM - 6:00 PM"",""sunday"":""Closed""}"
20,Royal Studio,Hair Salon,https://images.unsplash.com/photo-1585747860715-2ba37e788b70?auto=format&fit=crop&w=600&h=400,4.9,245,Traditional barbershop offering classic cuts and hot towel shaves.,Berlin,Mitte,"567 Market St, San Francisco",$$,Hair Styling; Women's Haircut; Men's Haircut,"{""phone"":""567-890-1234"",""email"":""info@classiccuts.com"",""website"":""www.classiccuts.com"",""social"":{""instagram"":""classiccuts"",""facebook"":""ClassicCutsBarbershop""}}","{""monday"":""8:00 AM - 7:00 PM"",""tuesday"":""8:00 AM - 7:00 PM"",""wednesday"":""8:00 AM - 7:00 PM"",""thursday"":""8:00 AM - 8:00 PM"",""friday"":""8:00 AM - 8:00 PM"",""saturday"":""7:00 AM - 6:00 PM"",""sunday"":""9:00 AM - 3:00 PM""}"
21,Stylish Studio,Hair Salon,https://images.unsplash.com/photo-1521590832167-7bcbfaa6381f?auto=format&fit=crop&w=600&h=400,4.8,128,Luxury hair salon offering premium services with expert stylists and a serene atmosphere.,Dubai,Downtown,"123 5th Ave, Manhattan, New York",$$,Hair Coloring; Women's Haircut; Men's Haircut,"{""phone"":""123-456-7890"",""email"":""info@elitehairstudio.com"",""website"":""www.elitehairstudio.com"",""social"":{""instagram"":""elitehairstudio"",""facebook"":""EliteHairStudio""}}","{""monday"":""9:00 AM - 7:00 PM"",""tuesday"":""9:00 AM - 7:00 PM"",""wednesday"":""9:00 AM - 7:00 PM"",""thursday"":""9:00 AM - 8:00 PM"",""friday"":""9:00 AM - 8:00 PM"",""saturday"":""9:00 AM - 6:00 PM"",""sunday"":""Closed""}"
22,Trendy Beauty,Barbershop,https://images.unsplash.com/photo-1560066984-138dadb4c035?auto=format&fit=crop&w=600&h=400,4.7,156,"Experience luxury hair care in our modern, upscale salon.",Dubai,Downtown,"456 Rodeo Dr, Beverly Hills, Los Angeles",$$$,Classic Haircuts; Beard Trimming; Hot Towel Shaves,"{""phone"":""234-567-8901"",""email"":""hello@luxehairlounge.com"",""website"":""www.luxehairlounge.com"",""social"":{""instagram"":""luxehairlounge"",""facebook"":""LuxeHairLounge""}}","{""monday"":""10:00 AM - 8:00 PM"",""tuesday"":""10:00 AM - 8:00 PM"",""wednesday"":""10:00 AM - 8:00 PM"",""thursday"":""10:00 AM - 9:00 PM"",""friday"":""10:00 AM - 9:00 PM"",""saturday"":""9:00 AM - 7:00 PM"",""sunday"":""11:00 AM - 5:00 PM""}"
23,Classic Haven,Hair Salon,https://images.unsplash.com/photo-1595475884562-073c30d45670?auto=format&fit=crop&w=600&h=400,4.9,203,Where style meets sophistication. Expert stylists create stunning looks.,Sydney,Bondi,"789 N Michigan Ave, Chicago",$$,Women's Haircut; Hair Coloring; Men's Haircut,"{""phone"":""345-678-9012"",""email"":""info@styleandgrace.com"",""website"":""www.styleandgrace.com"",""social"":{""instagram"":""styleandgrace"",""facebook"":""StyleAndGrace""}}","{""monday"":""9:00 AM - 6:00 PM"",""tuesday"":""9:00 AM - 6:00 PM"",""wednesday"":""9:00 AM - 8:00 PM"",""thursday"":""9:00 AM - 8:00 PM"",""friday"":""9:00 AM - 6:00 PM"",""saturday"":""8:00 AM - 5:00 PM"",""sunday"":""Closed""}"
24,Grand Studio,Barbershop,https://images.unsplash.com/photo-1600948836101-f9ffda59d250?auto=format&fit=crop&w=600&h=400,4.6,167,Contemporary salon focusing on modern techniques and trends.,Paris,Montmartre,"321 Ocean Drive, San Francisco",$$,Beard Trimming; Classic Haircuts; Hot Towel Shaves,"{""phone"":""456-789-0123"",""email"":""hello@chicandshine.com"",""website"":""www.chicandshine.com"",""social"":{""instagram"":""chicandshine"",""facebook"":""ChicAndShine""}}","{""monday"":""10:00 AM - 7:00 PM"",""tuesday"":""10:00 AM - 7:00 PM"",""wednesday"":""10:00 AM - 8:00 PM"",""thursday"":""10:00 AM - 8:00 PM"",""friday"":""10:00 AM - 7:00 PM"",""saturday"":""9:00 AM - 6:00 PM"",""sunday"":""Closed""}"
25,Luxe Beauty,Barbershop,https://images.unsplash.com/photo-1585747860715-2ba37e788b70?auto=format&fit=crop&w=600&h=400,4.9,245,Traditional barbershop offering classic cuts and hot towel shaves.,Sydney,Bondi,"567 Market St, San Francisco",$$,Classic Haircuts; Beard Trimming; Hot Towel Shaves,"{""phone"":""567-890-1234"",""email"":""info@classiccuts.com"",""website"":""www.classiccuts.com"",""social"":{""instagram"":""classiccuts"",""facebook"":""ClassicCutsBarbershop""}}","{""monday"":""8:00 AM - 7:00 PM"",""tuesday"":""8:00 AM - 7:00 PM"",""wednesday"":""8:00 AM - 7:00 PM"",""thursday"":""8:00 AM - 8:00 PM"",""friday"":""8:00 AM - 8:00 PM"",""saturday"":""7:00 AM - 6:00 PM"",""sunday"":""9:00 AM - 3:00 PM""}"
26,Elite Lounge,Spa,https://images.unsplash.com/photo-1521590832167-7bcbfaa6381f?auto=format&fit=crop&w=600&h=400,4.8,128,Luxury hair salon offering premium services with expert stylists and a serene atmosphere.,New York,Brooklyn,"123 5th Ave, Manhattan, New York",$$,Massages; Body Scrubs; Facial Treatments,"{""phone"":""123-456-7890"",""email"":""info@elitehairstudio.com"",""website"":""www.elitehairstudio.com"",""social"":{""instagram"":""elitehairstudio"",""facebook"":""EliteHairStudio""}}","{""monday"":""9:00 AM - 7:00 PM"",""tuesday"":""9:00 AM - 7:00 PM"",""wednesday"":""9:00 AM - 7:00 PM"",""thursday"":""9:00 AM - 8:00 PM"",""friday"":""9:00 AM - 8:00 PM"",""saturday"":""9:00 AM - 6:00 PM"",""sunday"":""Closed""}"
27,Premier Center,Spa,https://images.unsplash.com/photo-1560066984-138dadb4c035?auto=format&fit=crop&w=600&h=400,4.7,156,"Experience luxury hair care in our modern, upscale salon.",Dubai,Marina,"456 Rodeo Dr, Beverly Hills, Los Angeles",$$$,Saunas; Massages; Facial Treatments,"{""phone"":""234-567-8901"",""email"":""hello@luxehairlounge.com"",""website"":""www.luxehairlounge.com"",""social"":{""instagram"":""luxehairlounge"",""facebook"":""LuxeHairLounge""}}","{""monday"":""10:00 AM - 8:00 PM"",""tuesday"":""10:00 AM - 8:00 PM"",""wednesday"":""10:00 AM - 8:00 PM"",""thursday"":""10:00 AM - 9:00 PM"",""friday"":""10:00 AM - 9:00 PM"",""saturday"":""9:00 AM - 7:00 PM"",""sunday"":""11:00 AM - 5:00 PM""}"
28,Premier Beauty,Hair Salon,https://images.unsplash.com/photo-1595475884562-073c30d45670?auto=format&fit=crop&w=600&h=400,4.9,203,Where style meets sophistication. Expert stylists create stunning looks.,Berlin,Charlottenburg,"789 N Michigan Ave, Chicago",$$,Hair Coloring; Men's Haircut; Women's Haircut,"{""phone"":""345-678-9012"",""email"":""info@styleandgrace.com"",""website"":""www.styleandgrace.com"",""social"":{""instagram"":""styleandgrace"",""facebook"":""StyleAndGrace""}}","{""monday"":""9:00 AM - 6:00 PM"",""tuesday"":""9:00 AM - 6:00 PM"",""wednesday"":""9:00 AM - 8:00 PM"",""thursday"":""9:00 AM - 8:00 PM"",""friday"":""9:00 AM - 6:00 PM"",""saturday"":""8:00 AM - 5:00 PM"",""sunday"":""Closed""}"
29,Classic Retreat,Gym,https://images.unsplash.com/photo-1600948836101-f9ffda59d250?auto=format&fit=crop&w=600&h=400,4.6,167,Contemporary salon focusing on modern techniques and trends.,Sydney,Bondi,"321 Ocean Drive, San Francisco",$$,Personal Training; Group Classes; Yoga,"{""phone"":""456-789-0123"",""email"":""hello@chicandshine.com"",""website"":""www.chicandshine.com"",""social"":{""instagram"":""chicandshine"",""facebook"":""ChicAndShine""}}","{""monday"":""10:00 AM - 7:00 PM"",""tuesday"":""10:00 AM - 7:00 PM"",""wednesday"":""10:00 AM - 8:00 PM"",""thursday"":""10:00 AM - 8:00 PM"",""friday"":""10:00 AM - 7:00 PM"",""saturday"":""9:00 AM - 6:00 PM"",""sunday"":""Closed""}"
30,Modern Retreat,Spa,https://images.unsplash.com/photo-1585747860715-2ba37e788b70?auto=format&fit=crop&w=600&h=400,4.9,245,Traditional barbershop offering classic cuts and hot towel shaves.,Sydney,Surry Hills,"567 Market St, San Francisco",$$,Saunas; Body Scrubs; Facial Treatments,"{""phone"":""567-890-1234"",""email"":""info@classiccuts.com"",""website"":""www.classiccuts.com"",""social"":{""instagram"":""classiccuts"",""facebook"":""ClassicCutsBarbershop""}}","{""monday"":""8:00 AM - 7:00 PM"",""tuesday"":""8:00 AM - 7:00 PM"",""wednesday"":""8:00 AM - 7:00 PM"",""thursday"":""8:00 AM - 8:00 PM"",""friday"":""8:00 AM - 8:00 PM"",""saturday"":""7:00 AM - 6:00 PM"",""sunday"":""9:00 AM - 3:00 PM""}"
31,Elite Studio,Beauty Salon,https://images.unsplash.com/photo-1521590832167-7bcbfaa6381f?auto=format&fit=crop&w=600&h=400,4.8,128,Luxury hair salon offering premium services with expert stylists and a serene atmosphere.,Los Angeles,Beverly Hills,"123 5th Ave, Manhattan, New York",$$,Facials; Makeup Application; Nail Services,"{""phone"":""123-456-7890"",""email"":""info@elitehairstudio.com"",""website"":""www.elitehairstudio.com"",""social"":{""instagram"":""elitehairstudio"",""facebook"":""EliteHairStudio""}}","{""monday"":""9:00 AM - 7:00 PM"",""tuesday"":""9:00 AM - 7:00 PM"",""wednesday"":""9:00 AM - 7:00 PM"",""thursday"":""9:00 AM - 8:00 PM"",""friday"":""9:00 AM - 8:00 PM"",""saturday"":""9:00 AM - 6:00 PM"",""sunday"":""Closed""}"
32,Royal Center,Beauty Salon,https://images.unsplash.com/photo-1560066984-138dadb4c035?auto=format&fit=crop&w=600&h=400,4.7,156,"Experience luxury hair care in our modern, upscale salon.",Dubai,Marina,"456 Rodeo Dr, Beverly Hills, Los Angeles",$$$,Nail Services; Makeup Application; Facials,"{""phone"":""234-567-8901"",""email"":""hello@luxehairlounge.com"",""website"":""www.luxehairlounge.com"",""social"":{""instagram"":""luxehairlounge"",""facebook"":""LuxeHairLounge""}}","{""monday"":""10:00 AM - 8:00 PM"",""tuesday"":""10:00 AM - 8:00 PM"",""wednesday"":""10:00 AM - 8:00 PM"",""thursday"":""10:00 AM - 9:00 PM"",""friday"":""10:00 AM - 9:00 PM"",""saturday"":""9:00 AM - 7:00 PM"",""sunday"":""11:00 AM - 5:00 PM""}"
33,Modern Studio,Hair Salon,https://images.unsplash.com/photo-1595475884562-073c30d45670?auto=format&fit=crop&w=600&h=400,4.9,203,Where style meets sophistication. Expert stylists create stunning looks.,Tokyo,Shibuya,"789 N Michigan Ave, Chicago",$$,Women's Haircut; Men's Haircut; Hair Styling,"{""phone"":""345-678-9012"",""email"":""info@styleandgrace.com"",""website"":""www.styleandgrace.com"",""social"":{""instagram"":""styleandgrace"",""facebook"":""StyleAndGrace""}}","{""monday"":""9:00 AM - 6:00 PM"",""tuesday"":""9:00 AM - 6:00 PM"",""wednesday"":""9:00 AM - 8:00 PM"",""thursday"":""9:00 AM - 8:00 PM"",""friday"":""9:00 AM - 6:00 PM"",""saturday"":""8:00 AM - 5:00 PM"",""sunday"":""Closed""}"
34,Modern Haven,Hair Salon,https://images.unsplash.com/photo-1600948836101-f9ffda59d250?auto=format&fit=crop&w=600&h=400,4.6,167,Contemporary salon focusing on modern techniques and trends.,Paris,Le Marais,"321 Ocean Drive, San Francisco",$$,Hair Coloring; Men's Haircut; Hair Styling,"{""phone"":""456-789-0123"",""email"":""hello@chicandshine.com"",""website"":""www.chicandshine.com"",""social"":{""instagram"":""chicandshine"",""facebook"":""ChicAndShine""}}","{""monday"":""10:00 AM - 7:00 PM"",""tuesday"":""10:00 AM - 7:00 PM"",""wednesday"":""10:00 AM - 8:00 PM"",""thursday"":""10:00 AM - 8:00 PM"",""friday"":""10:00 AM - 7:00 PM"",""saturday"":""9:00 AM - 6:00 PM"",""sunday"":""Closed""}"
35,Luxe Salon,Beauty Salon,https://images.unsplash.com/photo-1585747860715-2ba37e788b70?auto=format&fit=crop&w=600&h=400,4.9,245,Traditional barbershop offering classic cuts and hot towel shaves.,Paris,Montmartre,"567 Market St, San Francisco",$$,Nail Services; Waxing; Facials,"{""phone"":""567-890-1234"",""email"":""info@classiccuts.com"",""website"":""www.classiccuts.com"",""social"":{""instagram"":""classiccuts"",""facebook"":""ClassicCutsBarbershop""}}","{""monday"":""8:00 AM - 7:00 PM"",""tuesday"":""8:00 AM - 7:00 PM"",""wednesday"":""8:00 AM - 7:00 PM"",""thursday"":""8:00 AM - 8:00 PM"",""friday"":""8:00 AM - 8:00 PM"",""saturday"":""7:00 AM - 6:00 PM"",""sunday"":""9:00 AM - 3:00 PM""}"
36,Trendy Center,Hair Salon,https://images.unsplash.com/photo-1521590832167-7bcbfaa6381f?auto=format&fit=crop&w=600&h=400,4.8,128,Luxury hair salon offering premium services with expert stylists and a serene atmosphere.,Tokyo,Shibuya,"123 5th Ave, Manhattan, New York",$$,Women's Haircut; Men's Haircut; Hair Styling,"{""phone"":""123-456-7890"",""email"":""info@elitehairstudio.com"",""website"":""www.elitehairstudio.com"",""social"":{""instagram"":""elitehairstudio"",""facebook"":""EliteHairStudio""}}","{""monday"":""9:00 AM - 7:00 PM"",""tuesday"":""9:00 AM - 7:00 PM"",""wednesday"":""9:00 AM - 7:00 PM"",""thursday"":""9:00 AM - 8:00 PM"",""friday"":""9:00 AM - 8:00 PM"",""saturday"":""9:00 AM - 6:00 PM"",""sunday"":""Closed""}"
37,Chic Beauty,Gym,https://images.unsplash.com/photo-1560066984-138dadb4c035?auto=format&fit=crop&w=600&h=400,4.7,156,"Experience luxury hair care in our modern, upscale salon.",Sydney,Bondi,"456 Rodeo Dr, Beverly Hills, Los Angeles",$$$,Personal Training; Group Classes; Yoga,"{""phone"":""234-567-8901"",""email"":""hello@luxehairlounge.com"",""website"":""www.luxehairlounge.com"",""social"":{""instagram"":""luxehairlounge"",""facebook"":""LuxeHairLounge""}}","{""monday"":""10:00 AM - 8:00 PM"",""tuesday"":""10:00 AM - 8:00 PM"",""wednesday"":""10:00 AM - 8:00 PM"",""thursday"":""10:00 AM - 9:00 PM"",""friday"":""10:00 AM - 9:00 PM"",""saturday"":""9:00 AM - 7:00 PM"",""sunday"":""11:00 AM - 5:00 PM""}"
38,Elite Center,Spa,https://images.unsplash.com/photo-1595475884562-073c30d45670?auto=format&fit=crop&w=600&h=400,4.9,203,Where style meets sophistication. Expert stylists create stunning looks.,Tokyo,Shibuya,"789 N Michigan Ave, Chicago",$$,Saunas; Facial Treatments; Body Scrubs,"{""phone"":""345-678-9012"",""email"":""info@styleandgrace.com"",""website"":""www.styleandgrace.com"",""social"":{""instagram"":""styleandgrace"",""facebook"":""StyleAndGrace""}}","{""monday"":""9:00 AM - 6:00 PM"",""tuesday"":""9:00 AM - 6:00 PM"",""wednesday"":""9:00 AM - 8:00 PM"",""thursday"":""9:00 AM - 8:00 PM"",""friday"":""9:00 AM - 6:00 PM"",""saturday"":""8:00 AM - 5:00 PM"",""sunday"":""Closed""}"
39,Stylish Retreat,Barbershop,https://images.unsplash.com/photo-1600948836101-f9ffda59d250?auto=format&fit=crop&w=600&h=400,4.6,167,Contemporary salon focusing on modern techniques and trends.,Sydney,Bondi,"321 Ocean Drive, San Francisco",$$,Hot Towel Shaves; Classic Haircuts; Beard Trimming,"{""phone"":""456-789-0123"",""email"":""hello@chicandshine.com"",""website"":""www.chicandshine.com"",""social"":{""instagram"":""chicandshine"",""facebook"":""ChicAndShine""}}","{""monday"":""10:00 AM - 7:00 PM"",""tuesday"":""10:00 AM - 7:00 PM"",""wednesday"":""10:00 AM - 8:00 PM"",""thursday"":""10:00 AM - 8:00 PM"",""friday"":""10:00 AM - 7:00 PM"",""saturday"":""9:00 AM - 6:00 PM"",""sunday"":""Closed""}"
40,Chic Center,Spa,https://images.unsplash.com/photo-1585747860715-2ba37e788b70?auto=format&fit=crop&w=600&h=400,4.9,245,Traditional barbershop offering classic cuts and hot towel shaves.,Sydney,Surry Hills,"567 Market St, San Francisco",$$,Massages; Body Scrubs; Saunas,"{""phone"":""567-890-1234"",""email"":""info@classiccuts.com"",""website"":""www.classiccuts.com"",""social"":{""instagram"":""classiccuts"",""facebook"":""ClassicCutsBarbershop""}}","{""monday"":""8:00 AM - 7:00 PM"",""tuesday"":""8:00 AM - 7:00 PM"",""wednesday"":""8:00 AM - 7:00 PM"",""thursday"":""8:00 AM - 8:00 PM"",""friday"":""8:00 AM - 8:00 PM"",""saturday"":""7:00 AM - 6:00 PM"",""sunday"":""9:00 AM - 3:00 PM""}"
41,Classic Lounge,Hair Salon,https://images.unsplash.com/photo-1521590832167-7bcbfaa6381f?auto=format&fit=crop&w=600&h=400,4.8,128,Luxury hair salon offering premium services with expert stylists and a serene atmosphere.,Sydney,Surry Hills,"123 5th Ave, Manhattan, New York",$$,Women's Haircut; Hair Coloring; Hair Styling,"{""phone"":""123-456-7890"",""email"":""info@elitehairstudio.com"",""website"":""www.elitehairstudio.com"",""social"":{""instagram"":""elitehairstudio"",""facebook"":""EliteHairStudio""}}","{""monday"":""9:00 AM - 7:00 PM"",""tuesday"":""9:00 AM - 7:00 PM"",""wednesday"":""9:00 AM - 7:00 PM"",""thursday"":""9:00 AM - 8:00 PM"",""friday"":""9:00 AM - 8:00 PM"",""saturday"":""9:00 AM - 6:00 PM"",""sunday"":""Closed""}"
42,Classic Beauty,Beauty Salon,https://images.unsplash.com/photo-1560066984-138dadb4c035?auto=format&fit=crop&w=600&h=400,4.7,156,"Experience luxury hair care in our modern, upscale salon.",New York,Manhattan,"456 Rodeo Dr, Beverly Hills, Los Angeles",$$$,Makeup Application; Facials; Waxing,"{""phone"":""234-567-8901"",""email"":""hello@luxehairlounge.com"",""website"":""www.luxehairlounge.com"",""social"":{""instagram"":""luxehairlounge"",""facebook"":""LuxeHairLounge""}}","{""monday"":""10:00 AM - 8:00 PM"",""tuesday"":""10:00 AM - 8:00 PM"",""wednesday"":""10:00 AM - 8:00 PM"",""thursday"":""10:00 AM - 9:00 PM"",""friday"":""10:00 AM - 9:00 PM"",""saturday"":""9:00 AM - 7:00 PM"",""sunday"":""11:00 AM - 5:00 PM""}"
43,Chic Studio,Spa,https://images.unsplash.com/photo-1595475884562-073c30d45670?auto=format&fit=crop&w=600&h=400,4.9,203,Where style meets sophistication. Expert stylists create stunning looks.,New York,Brooklyn,"789 N Michigan Ave, Chicago",$$,Saunas; Facial Treatments; Massages,"{""phone"":""345-678-9012"",""email"":""info@styleandgrace.com"",""website"":""www.styleandgrace.com"",""social"":{""instagram"":""styleandgrace"",""facebook"":""StyleAndGrace""}}","{""monday"":""9:00 AM - 6:00 PM"",""tuesday"":""9:00 AM - 6:00 PM"",""wednesday"":""9:00 AM - 8:00 PM"",""thursday"":""9:00 AM - 8:00 PM"",""friday"":""9:00 AM - 6:00 PM"",""saturday"":""8:00 AM - 5:00 PM"",""sunday"":""Closed""}"
44,Stylish Beauty,Gym,https://images.unsplash.com/photo-1600948836101-f9ffda59d250?auto=format&fit=crop&w=600&h=400,4.6,167,Contemporary salon focusing on modern techniques and trends.,Paris,Le Marais,"321 Ocean Drive, San Francisco",$$,Group Classes; Yoga; Strength Training,"{""phone"":""456-789-0123"",""email"":""hello@chicandshine.com"",""website"":""www.chicandshine.com"",""social"":{""instagram"":""chicandshine"",""facebook"":""ChicAndShine""}}","{""monday"":""10:00 AM - 7:00 PM"",""tuesday"":""10:00 AM - 7:00 PM"",""wednesday"":""10:00 AM - 8:00 PM"",""thursday"":""10:00 AM - 8:00 PM"",""friday"":""10:00 AM - 7:00 PM"",""saturday"":""9:00 AM - 6:00 PM"",""sunday"":""Closed""}"
45,Premier Gym,Beauty Salon,https://images.unsplash.com/photo-1585747860715-2ba37e788b70?auto=format&fit=crop&w=600&h=400,4.9,245,Traditional barbershop offering classic cuts and hot towel shaves.,London,Soho,"567 Market St, San Francisco",$$,Makeup Application; Nail Services; Facials,"{""phone"":""567-890-1234"",""email"":""info@classiccuts.com"",""website"":""www.classiccuts.com"",""social"":{""instagram"":""classiccuts"",""facebook"":""ClassicCutsBarbershop""}}","{""monday"":""8:00 AM - 7:00 PM"",""tuesday"":""8:00 AM - 7:00 PM"",""wednesday"":""8:00 AM - 7:00 PM"",""thursday"":""8:00 AM - 8:00 PM"",""friday"":""8:00 AM - 8:00 PM"",""saturday"":""7:00 AM - 6:00 PM"",""sunday"":""9:00 AM - 3:00 PM""}"
46,Trendy Lounge,Spa,https://images.unsplash.com/photo-1521590832167-7bcbfaa6381f?auto=format&fit=crop&w=600&h=400,4.8,128,Luxury hair salon offering premium services with expert stylists and a serene atmosphere.,Los Angeles,Beverly Hills,"123 5th Ave, Manhattan, New York",$$,Body Scrubs; Massages; Saunas,"{""phone"":""123-456-7890"",""email"":""info@elitehairstudio.com"",""website"":""www.elitehairstudio.com"",""social"":{""instagram"":""elitehairstudio"",""facebook"":""EliteHairStudio""}}","{""monday"":""9:00 AM - 7:00 PM"",""tuesday"":""9:00 AM - 7:00 PM"",""wednesday"":""9:00 AM - 7:00 PM"",""thursday"":""9:00 AM - 8:00 PM"",""friday"":""9:00 AM - 8:00 PM"",""saturday"":""9:00 AM - 6:00 PM"",""sunday"":""Closed""}"
47,Royal Beauty,Beauty Salon,https://images.unsplash.com/photo-1560066984-138dadb4c035?auto=format&fit=crop&w=600&h=400,4.7,156,"Experience luxury hair care in our modern, upscale salon.",New York,Manhattan,"456 Rodeo Dr, Beverly Hills, Los Angeles",$$$,Waxing; Nail Services; Makeup Application,"{""phone"":""234-567-8901"",""email"":""hello@luxehairlounge.com"",""website"":""www.luxehairlounge.com"",""social"":{""instagram"":""luxehairlounge"",""facebook"":""LuxeHairLounge""}}","{""monday"":""10:00 AM - 8:00 PM"",""tuesday"":""10:00 AM - 8:00 PM"",""wednesday"":""10:00 AM - 8:00 PM"",""thursday"":""10:00 AM - 9:00 PM"",""friday"":""10:00 AM - 9:00 PM"",""saturday"":""9:00 AM - 7:00 PM"",""sunday"":""11:00 AM - 5:00 PM""}"
48,Luxe Barbers,Barbershop,https://images.unsplash.com/photo-1595475884562-073c30d45670?auto=format&fit=crop&w=600&h=400,4.9,203,Where style meets sophistication. Expert stylists create stunning looks.,Berlin,Mitte,"789 N Michigan Ave, Chicago",$$,Beard Trimming; Hot Towel Shaves; Classic Haircuts,"{""phone"":""345-678-9012"",""email"":""info@styleandgrace.com"",""website"":""www.styleandgrace.com"",""social"":{""instagram"":""styleandgrace"",""facebook"":""StyleAndGrace""}}","{""monday"":""9:00 AM - 6:00 PM"",""tuesday"":""9:00 AM - 6:00 PM"",""wednesday"":""9:00 AM - 8:00 PM"",""thursday"":""9:00 AM - 8:00 PM"",""friday"":""9:00 AM - 6:00 PM"",""saturday"":""8:00 AM - 5:00 PM"",""sunday"":""Closed""}"
49,Premier Spa,Hair Salon,https://images.unsplash.com/photo-1600948836101-f9ffda59d250?auto=format&fit=crop&w=600&h=400,4.6,167,Contemporary salon focusing on modern techniques and trends.,Paris,Montmartre,"321 Ocean Drive, San Francisco",$$,Hair Styling; Hair Coloring; Women's Haircut,"{""phone"":""456-789-0123"",""email"":""hello@chicandshine.com"",""website"":""www.chicandshine.com"",""social"":{""instagram"":""chicandshine"",""facebook"":""ChicAndShine""}}","{""monday"":""10:00 AM - 7:00 PM"",""tuesday"":""10:00 AM - 7:00 PM"",""wednesday"":""10:00 AM - 8:00 PM"",""thursday"":""10:00 AM - 8:00 PM"",""friday"":""10:00 AM - 7:00 PM"",""saturday"":""9:00 AM - 6:00 PM"",""sunday"":""Closed""}"
50,Modern Lounge,Hair Salon,https://images.unsplash.com/photo-1585747860715-2ba37e788b70?auto=format&fit=crop&w=600&h=400,4.9,245,Traditional barbershop offering classic cuts and hot towel shaves.,Sydney,Surry Hills,"567 Market St, San Francisco",$$,Hair Coloring; Hair Styling; Women's Haircut,"{""phone"":""567-890-1234"",""email"":""info@classiccuts.com"",""website"":""www.classiccuts.com"",""social"":{""instagram"":""classiccuts"",""facebook"":""ClassicCutsBarbershop""}}","{""monday"":""8:00 AM - 7:00 PM"",""tuesday"":""8:00 AM - 7:00 PM"",""wednesday"":""8:00 AM - 7:00 PM"",""thursday"":""8:00 AM - 8:00 PM"",""friday"":""8:00 AM - 8:00 PM"",""saturday"":""7:00 AM - 6:00 PM"",""sunday"":""9:00 AM - 3:00 PM""}"
51,Chic Spa,Gym,https://images.unsplash.com/photo-1521590832167-7bcbfaa6381f?auto=format&fit=crop&w=600&h=400,4.8,128,Luxury hair salon offering premium services with expert stylists and a serene atmosphere.,Dubai,Marina,"123 5th Ave, Manhattan, New York",$$,Personal Training; Yoga; Strength Training,"{""phone"":""123-456-7890"",""email"":""info@elitehairstudio.com"",""website"":""www.elitehairstudio.com"",""social"":{""instagram"":""elitehairstudio"",""facebook"":""EliteHairStudio""}}","{""monday"":""9:00 AM - 7:00 PM"",""tuesday"":""9:00 AM - 7:00 PM"",""wednesday"":""9:00 AM - 7:00 PM"",""thursday"":""9:00 AM - 8:00 PM"",""friday"":""9:00 AM - 8:00 PM"",""saturday"":""9:00 AM - 6:00 PM"",""sunday"":""Closed""}"
52,Grand Barbers,Beauty Salon,https://images.unsplash.com/photo-1560066984-138dadb4c035?auto=format&fit=crop&w=600&h=400,4.7,156,"Experience luxury hair care in our modern, upscale salon.",Sydney,Bondi,"456 Rodeo Dr, Beverly Hills, Los Angeles",$$$,Facials; Makeup Application; Nail Services,"{""phone"":""234-567-8901"",""email"":""hello@luxehairlounge.com"",""website"":""www.luxehairlounge.com"",""social"":{""instagram"":""luxehairlounge"",""facebook"":""LuxeHairLounge""}}","{""monday"":""10:00 AM - 8:00 PM"",""tuesday"":""10:00 AM - 8:00 PM"",""wednesday"":""10:00 AM - 8:00 PM"",""thursday"":""10:00 AM - 9:00 PM"",""friday"":""10:00 AM - 9:00 PM"",""saturday"":""9:00 AM - 7:00 PM"",""sunday"":""11:00 AM - 5:00 PM""}"
53,Modern Spa,Beauty Salon,https://images.unsplash.com/photo-1595475884562-073c30d45670?auto=format&fit=crop&w=600&h=400,4.9,203,Where style meets sophistication. Expert stylists create stunning looks.,New York,Brooklyn,"789 N Michigan Ave, Chicago",$$,Makeup Application; Waxing; Facials,"{""phone"":""345-678-9012"",""email"":""info@styleandgrace.com"",""website"":""www.styleandgrace.com"",""social"":{""instagram"":""styleandgrace"",""facebook"":""StyleAndGrace""}}","{""monday"":""9:00 AM - 6:00 PM"",""tuesday"":""9:00 AM - 6:00 PM"",""wednesday"":""9:00 AM - 8:00 PM"",""thursday"":""9:00 AM - 8:00 PM"",""friday"":""9:00 AM - 6:00 PM"",""saturday"":""8:00 AM - 5:00 PM"",""sunday"":""Closed""}"
54,Elite Haven,Gym,https://images.unsplash.com/photo-1600948836101-f9ffda59d250?auto=format&fit=crop&w=600&h=400,4.6,167,Contemporary salon focusing on modern techniques and trends.,London,Chelsea,"321 Ocean Drive, San Francisco",$$,Group Classes; Strength Training; Yoga,"{""phone"":""456-789-0123"",""email"":""hello@chicandshine.com"",""website"":""www.chicandshine.com"",""social"":{""instagram"":""chicandshine"",""facebook"":""ChicAndShine""}}","{""monday"":""10:00 AM - 7:00 PM"",""tuesday"":""10:00 AM - 7:00 PM"",""wednesday"":""10:00 AM - 8:00 PM"",""thursday"":""10:00 AM - 8:00 PM"",""friday"":""10:00 AM - 7:00 PM"",""saturday"":""9:00 AM - 6:00 PM"",""sunday"":""Closed""}"
55,Stylish Center,Hair Salon,https://images.unsplash.com/photo-1585747860715-2ba37e788b70?auto=format&fit=crop&w=600&h=400,4.9,245,Traditional barbershop offering classic cuts and hot towel shaves.,London,Soho,"567 Market St, San Francisco",$$,Hair Styling; Hair Coloring; Men's Haircut,"{""phone"":""567-890-1234"",""email"":""info@classiccuts.com"",""website"":""www.classiccuts.com"",""social"":{""instagram"":""classiccuts"",""facebook"":""ClassicCutsBarbershop""}}","{""monday"":""8:00 AM - 7:00 PM"",""tuesday"":""8:00 AM - 7:00 PM"",""wednesday"":""8:00 AM - 7:00 PM"",""thursday"":""8:00 AM - 8:00 PM"",""friday"":""8:00 AM - 8:00 PM"",""saturday"":""7:00 AM - 6:00 PM"",""sunday"":""9:00 AM - 3:00 PM""}"
56,Royal Spa,Spa,https://images.unsplash.com/photo-1521590832167-7bcbfaa6381f?auto=format&fit=crop&w=600&h=400,4.8,128,Luxury hair salon offering premium services with expert stylists and a serene atmosphere.,Dubai,Marina,"123 5th Ave, Manhattan, New York",$$,Facial Treatments; Body Scrubs; Saunas,"{""phone"":""123-456-7890"",""email"":""info@elitehairstudio.com"",""website"":""www.elitehairstudio.com"",""social"":{""instagram"":""elitehairstudio"",""facebook"":""EliteHairStudio""}}","{""monday"":""9:00 AM - 7:00 PM"",""tuesday"":""9:00 AM - 7:00 PM"",""wednesday"":""9:00 AM - 7:00 PM"",""thursday"":""9:00 AM - 8:00 PM"",""friday"":""9:00 AM - 8:00 PM"",""saturday"":""9:00 AM - 6:00 PM"",""sunday"":""Closed""}"
57,Stylish Salon,Barbershop,https://images.unsplash.com/photo-1560066984-138dadb4c035?auto=format&fit=crop&w=600&h=400,4.7,156,"Experience luxury hair care in our modern, upscale salon.",Dubai,Downtown,"456 Rodeo Dr, Beverly Hills, Los Angeles",$$$,Hot Towel Shaves; Classic Haircuts; Beard Trimming,"{""phone"":""234-567-8901"",""email"":""hello@luxehairlounge.com"",""website"":""www.luxehairlounge.com"",""social"":{""instagram"":""luxehairlounge"",""facebook"":""LuxeHairLounge""}}","{""monday"":""10:00 AM - 8:00 PM"",""tuesday"":""10:00 AM - 8:00 PM"",""wednesday"":""10:00 AM - 8:00 PM"",""thursday"":""10:00 AM - 9:00 PM"",""friday"":""10:00 AM - 9:00 PM"",""saturday"":""9:00 AM - 7:00 PM"",""sunday"":""11:00 AM - 5:00 PM""}"
58,Trendy Studio,Hair Salon,https://images.unsplash.com/photo-1595475884562-073c30d45670?auto=format&fit=crop&w=600&h=400,4.9,203,Where style meets sophistication. Expert stylists create stunning looks.,Paris,Montmartre,"789 N Michigan Ave, Chicago",$$,Hair Styling; Hair Coloring; Men's Haircut,"{""phone"":""345-678-9012"",""email"":""info@styleandgrace.com"",""website"":""www.styleandgrace.com"",""social"":{""instagram"":""styleandgrace"",""facebook"":""StyleAndGrace""}}","{""monday"":""9:00 AM - 6:00 PM"",""tuesday"":""9:00 AM - 6:00 PM"",""wednesday"":""9:00 AM - 8:00 PM"",""thursday"":""9:00 AM - 8:00 PM"",""friday"":""9:00 AM - 6:00 PM"",""saturday"":""8:00 AM - 5:00 PM"",""sunday"":""Closed""}"
59,Classic Center,Barbershop,https://images.unsplash.com/photo-1600948836101-f9ffda59d250?auto=format&fit=crop&w=600&h=400,4.6,167,Contemporary salon focusing on modern techniques and trends.,Sydney,Surry Hills,"321 Ocean Drive, San Francisco",$$,Classic Haircuts; Beard Trimming; Hot Towel Shaves,"{""phone"":""456-789-0123"",""email"":""hello@chicandshine.com"",""website"":""www.chicandshine.com"",""social"":{""instagram"":""chicandshine"",""facebook"":""ChicAndShine""}}","{""monday"":""10:00 AM - 7:00 PM"",""tuesday"":""10:00 AM - 7:00 PM"",""wednesday"":""10:00 AM - 8:00 PM"",""thursday"":""10:00 AM - 8:00 PM"",""friday"":""10:00 AM - 7:00 PM"",""saturday"":""9:00 AM - 6:00 PM"",""sunday"":""Closed""}"
60,Trendy Barbers,Gym,https://images.unsplash.com/photo-1585747860715-2ba37e788b70?auto=format&fit=crop&w=600&h=400,4.9,245,Traditional barbershop offering classic cuts and hot towel shaves.,Tokyo,Shibuya,"567 Market St, San Francisco",$$,Personal Training; Strength Training; Group Classes,"{""phone"":""567-890-1234"",""email"":""info@classiccuts.com"",""website"":""www.classiccuts.com"",""social"":{""instagram"":""classiccuts"",""facebook"":""ClassicCutsBarbershop""}}","{""monday"":""8:00 AM - 7:00 PM"",""tuesday"":""8:00 AM - 7:00 PM"",""wednesday"":""8:00 AM - 7:00 PM"",""thursday"":""8:00 AM - 8:00 PM"",""friday"":""8:00 AM - 8:00 PM"",""saturday"":""7:00 AM - 6:00 PM"",""sunday"":""9:00 AM - 3:00 PM""}"
61,Modern Barbers,Spa,https://images.unsplash.com/photo-1521590832167-7bcbfaa6381f?auto=format&fit=crop&w=600&h=400,4.8,128,Luxury hair salon offering premium services with expert stylists and a serene atmosphere.,Paris,Le Marais,"123 5th Ave, Manhattan, New York",$$,Saunas; Body Scrubs; Massages,"{""phone"":""123-456-7890"",""email"":""info@elitehairstudio.com"",""website"":""www.elitehairstudio.com"",""social"":{""instagram"":""elitehairstudio"",""facebook"":""EliteHairStudio""}}","{""monday"":""9:00 AM - 7:00 PM"",""tuesday"":""9:00 AM - 7:00 PM"",""wednesday"":""9:00 AM - 7:00 PM"",""thursday"":""9:00 AM - 8:00 PM"",""friday"":""9:00 AM - 8:00 PM"",""saturday"":""9:00 AM - 6:00 PM"",""sunday"":""Closed""}"
62,Grand Center,Hair Salon,https://images.unsplash.com/photo-1560066984-138dadb4c035?auto=format&fit=crop&w=600&h=400,4.7,156,"Experience luxury hair care in our modern, upscale salon.",Paris,Le Marais,"456 Rodeo Dr, Beverly Hills, Los Angeles",$$$,Hair Styling; Men's Haircut; Women's Haircut,"{""phone"":""234-567-8901"",""email"":""hello@luxehairlounge.com"",""website"":""www.luxehairlounge.com"",""social"":{""instagram"":""luxehairlounge"",""facebook"":""LuxeHairLounge""}}","{""monday"":""10:00 AM - 8:00 PM"",""tuesday"":""10:00 AM - 8:00 PM"",""wednesday"":""10:00 AM - 8:00 PM"",""thursday"":""10:00 AM - 9:00 PM"",""friday"":""10:00 AM - 9:00 PM"",""saturday"":""9:00 AM - 7:00 PM"",""sunday"":""11:00 AM - 5:00 PM""}"
63,Classic Studio,Beauty Salon,https://images.unsplash.com/photo-1595475884562-073c30d45670?auto=format&fit=crop&w=600&h=400,4.9,203,Where style meets sophistication. Expert stylists create stunning looks.,Paris,Montmartre,"789 N Michigan Ave, Chicago",$$,Facials; Makeup Application; Nail Services,"{""phone"":""345-678-9012"",""email"":""info@styleandgrace.com"",""website"":""www.styleandgrace.com"",""social"":{""instagram"":""styleandgrace"",""facebook"":""StyleAndGrace""}}","{""monday"":""9:00 AM - 6:00 PM"",""tuesday"":""9:00 AM - 6:00 PM"",""wednesday"":""9:00 AM - 8:00 PM"",""thursday"":""9:00 AM - 8:00 PM"",""friday"":""9:00 AM - 6:00 PM"",""saturday"":""8:00 AM - 5:00 PM"",""sunday"":""Closed""}"
64,Grand Beauty,Beauty Salon,https://images.unsplash.com/photo-1600948836101-f9ffda59d250?auto=format&fit=crop&w=600&h=400,4.6,167,Contemporary salon focusing on modern techniques and trends.,Los Angeles,Hollywood,"321 Ocean Drive, San Francisco",$$,Facials; Makeup Application; Nail Services,"{""phone"":""456-789-0123"",""email"":""hello@chicandshine.com"",""website"":""www.chicandshine.com"",""social"":{""instagram"":""chicandshine"",""facebook"":""ChicAndShine""}}","{""monday"":""10:00 AM - 7:00 PM"",""tuesday"":""10:00 AM - 7:00 PM"",""wednesday"":""10:00 AM - 8:00 PM"",""thursday"":""10:00 AM - 8:00 PM"",""friday"":""10:00 AM - 7:00 PM"",""saturday"":""9:00 AM - 6:00 PM"",""sunday"":""Closed""}"
65,Luxe Studio,Spa,https://images.unsplash.com/photo-1585747860715-2ba37e788b70?auto=format&fit=crop&w=600&h=400,4.9,245,Traditional barbershop offering classic cuts and hot towel shaves.,London,Soho,"567 Market St, San Francisco",$$,Saunas; Massages; Body Scrubs,"{""phone"":""567-890-1234"",""email"":""info@classiccuts.com"",""website"":""www.classiccuts.com"",""social"":{""instagram"":""classiccuts"",""facebook"":""ClassicCutsBarbershop""}}","{""monday"":""8:00 AM - 7:00 PM"",""tuesday"":""8:00 AM - 7:00 PM"",""wednesday"":""8:00 AM - 7:00 PM"",""thursday"":""8:00 AM - 8:00 PM"",""friday"":""8:00 AM - 8:00 PM"",""saturday"":""7:00 AM - 6:00 PM"",""sunday"":""9:00 AM - 3:00 PM""}"
66,Chic Retreat,Gym,https://images.unsplash.com/photo-1521590832167-7bcbfaa6381f?auto=format&fit=crop&w=600&h=400,4.8,128,Luxury hair salon offering premium services with expert stylists and a serene atmosphere.,Berlin,Mitte,"123 5th Ave, Manhattan, New York",$$,Personal Training; Yoga; Strength Training,"{""phone"":""123-456-7890"",""email"":""info@elitehairstudio.com"",""website"":""www.elitehairstudio.com"",""social"":{""instagram"":""elitehairstudio"",""facebook"":""EliteHairStudio""}}","{""monday"":""9:00 AM - 7:00 PM"",""tuesday"":""9:00 AM - 7:00 PM"",""wednesday"":""9:00 AM - 7:00 PM"",""thursday"":""9:00 AM - 8:00 PM"",""friday"":""9:00 AM - 8:00 PM"",""saturday"":""9:00 AM - 6:00 PM"",""sunday"":""Closed""}"
67,Royal Salon,Beauty Salon,https://images.unsplash.com/photo-1560066984-138dadb4c035?auto=format&fit=crop&w=600&h=400,4.7,156,"Experience luxury hair care in our modern, upscale salon.",Dubai,Downtown,"456 Rodeo Dr, Beverly Hills, Los Angeles",$$$,Facials; Nail Services; Makeup Application,"{""phone"":""234-567-8901"",""email"":""hello@luxehairlounge.com"",""website"":""www.luxehairlounge.com"",""social"":{""instagram"":""luxehairlounge"",""facebook"":""LuxeHairLounge""}}","{""monday"":""10:00 AM - 8:00 PM"",""tuesday"":""10:00 AM - 8:00 PM"",""wednesday"":""10:00 AM - 8:00 PM"",""thursday"":""10:00 AM - 9:00 PM"",""friday"":""10:00 AM - 9:00 PM"",""saturday"":""9:00 AM - 7:00 PM"",""sunday"":""11:00 AM - 5:00 PM""}"
68,Chic Barbers,Gym,https://images.unsplash.com/photo-1595475884562-073c30d45670?auto=format&fit=crop&w=600&h=400,4.9,203,Where style meets sophistication. Expert stylists create stunning looks.,Sydney,Surry Hills,"789 N Michigan Ave, Chicago",$$,Personal Training; Strength Training; Yoga,"{""phone"":""345-678-9012"",""email"":""info@styleandgrace.com"",""website"":""www.styleandgrace.com"",""social"":{""instagram"":""styleandgrace"",""facebook"":""StyleAndGrace""}}","{""monday"":""9:00 AM - 6:00 PM"",""tuesday"":""9:00 AM - 6:00 PM"",""wednesday"":""9:00 AM - 8:00 PM"",""thursday"":""9:00 AM - 8:00 PM"",""friday"":""9:00 AM - 6:00 PM"",""saturday"":""8:00 AM - 5:00 PM"",""sunday"":""Closed""}"
69,Grand Gym,Spa,https://images.unsplash.com/photo-1600948836101-f9ffda59d250?auto=format&fit=crop&w=600&h=400,4.6,167,Contemporary salon focusing on modern techniques and trends.,Dubai,Downtown,"321 Ocean Drive, San Francisco",$$,Massages; Facial Treatments; Body Scrubs,"{""phone"":""456-789-0123"",""email"":""hello@chicandshine.com"",""website"":""www.chicandshine.com"",""social"":{""instagram"":""chicandshine"",""facebook"":""ChicAndShine""}}","{""monday"":""10:00 AM - 7:00 PM"",""tuesday"":""10:00 AM - 7:00 PM"",""wednesday"":""10:00 AM - 8:00 PM"",""thursday"":""10:00 AM - 8:00 PM"",""friday"":""10:00 AM - 7:00 PM"",""saturday"":""9:00 AM - 6:00 PM"",""sunday"":""Closed""}"
70,Luxe Retreat,Gym,https://images.unsplash.com/photo-1585747860715-2ba37e788b70?auto=format&fit=crop&w=600&h=400,4.9,245,Traditional barbershop offering classic cuts and hot towel shaves.,Sydney,Bondi,"567 Market St, San Francisco",$$,Strength Training; Personal Training; Group Classes,"{""phone"":""567-890-1234"",""email"":""info@classiccuts.com"",""website"":""www.classiccuts.com"",""social"":{""instagram"":""classiccuts"",""facebook"":""ClassicCutsBarbershop""}}","{""monday"":""8:00 AM - 7:00 PM"",""tuesday"":""8:00 AM - 7:00 PM"",""wednesday"":""8:00 AM - 7:00 PM"",""thursday"":""8:00 AM - 8:00 PM"",""friday"":""8:00 AM - 8:00 PM"",""saturday"":""7:00 AM - 6:00 PM"",""sunday"":""9:00 AM - 3:00 PM""}"
71,Stylish Gym,Barbershop,https://images.unsplash.com/photo-1521590832167-7bcbfaa6381f?auto=format&fit=crop&w=600&h=400,4.8,128,Luxury hair salon offering premium services with expert stylists and a serene atmosphere.,Dubai,Downtown,"123 5th Ave, Manhattan, New York",$$,Classic Haircuts; Hot Towel Shaves; Beard Trimming,"{""phone"":""123-456-7890"",""email"":""info@elitehairstudio.com"",""website"":""www.elitehairstudio.com"",""social"":{""instagram"":""elitehairstudio"",""facebook"":""EliteHairStudio""}}","{""monday"":""9:00 AM - 7:00 PM"",""tuesday"":""9:00 AM - 7:00 PM"",""wednesday"":""9:00 AM - 7:00 PM"",""thursday"":""9:00 AM - 8:00 PM"",""friday"":""9:00 AM - 8:00 PM"",""saturday"":""9:00 AM - 6:00 PM"",""sunday"":""Closed""}"
72,Classic Salon,Hair Salon,https://images.unsplash.com/photo-1560066984-138dadb4c035?auto=format&fit=crop&w=600&h=400,4.7,156,"Experience luxury hair care in our modern, upscale salon.",Paris,Le Marais,"456 Rodeo Dr, Beverly Hills, Los Angeles",$$$,Hair Coloring; Women's Haircut; Men's Haircut,"{""phone"":""234-567-8901"",""email"":""hello@luxehairlounge.com"",""website"":""www.luxehairlounge.com"",""social"":{""instagram"":""luxehairlounge"",""facebook"":""LuxeHairLounge""}}","{""monday"":""10:00 AM - 8:00 PM"",""tuesday"":""10:00 AM - 8:00 PM"",""wednesday"":""10:00 AM - 8:00 PM"",""thursday"":""10:00 AM - 9:00 PM"",""friday"":""10:00 AM - 9:00 PM"",""saturday"":""9:00 AM - 7:00 PM"",""sunday"":""11:00 AM - 5:00 PM""}"
73,Classic Spa,Barbershop,https://images.unsplash.com/photo-1595475884562-073c30d45670?auto=format&fit=crop&w=600&h=400,4.9,203,Where style meets sophistication. Expert stylists create stunning looks.,Los Angeles,Beverly Hills,"789 N Michigan Ave, Chicago",$$,Classic Haircuts; Hot Towel Shaves; Beard Trimming,"{""phone"":""345-678-9012"",""email"":""info@styleandgrace.com"",""website"":""www.styleandgrace.com"",""social"":{""instagram"":""styleandgrace"",""facebook"":""StyleAndGrace""}}","{""monday"":""9:00 AM - 6:00 PM"",""tuesday"":""9:00 AM - 6:00 PM"",""wednesday"":""9:00 AM - 8:00 PM"",""thursday"":""9:00 AM - 8:00 PM"",""friday"":""9:00 AM - 6:00 PM"",""saturday"":""8:00 AM - 5:00 PM"",""sunday"":""Closed""}"
74,Modern Salon,Spa,https://images.unsplash.com/photo-1600948836101-f9ffda59d250?auto=format&fit=crop&w=600&h=400,4.6,167,Contemporary salon focusing on modern techniques and trends.,Dubai,Downtown,"321 Ocean Drive, San Francisco",$$,Massages; Facial Treatments; Saunas,"{""phone"":""456-789-0123"",""email"":""hello@chicandshine.com"",""website"":""www.chicandshine.com"",""social"":{""instagram"":""chicandshine"",""facebook"":""ChicAndShine""}}","{""monday"":""10:00 AM - 7:00 PM"",""tuesday"":""10:00 AM - 7:00 PM"",""wednesday"":""10:00 AM - 8:00 PM"",""thursday"":""10:00 AM - 8:00 PM"",""friday"":""10:00 AM - 7:00 PM"",""saturday"":""9:00 AM - 6:00 PM"",""sunday"":""Closed""}"
75,Elite Salon,Barbershop,https://images.unsplash.com/photo-1585747860715-2ba37e788b70?auto=format&fit=crop&w=600&h=400,4.9,245,Traditional barbershop offering classic cuts and hot towel shaves.,Los Angeles,Hollywood,"567 Market St, San Francisco",$$,Hot Towel Shaves; Beard Trimming; Classic Haircuts,"{""phone"":""567-890-1234"",""email"":""info@classiccuts.com"",""website"":""www.classiccuts.com"",""social"":{""instagram"":""classiccuts"",""facebook"":""ClassicCutsBarbershop""}}","{""monday"":""8:00 AM - 7:00 PM"",""tuesday"":""8:00 AM - 7:00 PM"",""wednesday"":""8:00 AM - 7:00 PM"",""thursday"":""8:00 AM - 8:00 PM"",""friday"":""8:00 AM - 8:00 PM"",""saturday"":""7:00 AM - 6:00 PM"",""sunday"":""9:00 AM - 3:00 PM""}"
76,Royal Gym,Spa,https://images.unsplash.com/photo-1521590832167-7bcbfaa6381f?auto=format&fit=crop&w=600&h=400,4.8,128,Luxury hair salon offering premium services with expert stylists and a serene atmosphere.,Los Angeles,Hollywood,"123 5th Ave, Manhattan, New York",$$,Massages; Body Scrubs; Saunas,"{""phone"":""123-456-7890"",""email"":""info@elitehairstudio.com"",""website"":""www.elitehairstudio.com"",""social"":{""instagram"":""elitehairstudio"",""facebook"":""EliteHairStudio""}}","{""monday"":""9:00 AM - 7:00 PM"",""tuesday"":""9:00 AM - 7:00 PM"",""wednesday"":""9:00 AM - 7:00 PM"",""thursday"":""9:00 AM - 8:00 PM"",""friday"":""9:00 AM - 8:00 PM"",""saturday"":""9:00 AM - 6:00 PM"",""sunday"":""Closed""}"
77,Premier Studio,Gym,https://images.unsplash.com/photo-1560066984-138dadb4c035?auto=format&fit=crop&w=600&h=400,4.7,156,"Experience luxury hair care in our modern, upscale salon.",London,Soho,"456 Rodeo Dr, Beverly Hills, Los Angeles",$$$,Strength Training; Yoga; Personal Training,"{""phone"":""234-567-8901"",""email"":""hello@luxehairlounge.com"",""website"":""www.luxehairlounge.com"",""social"":{""instagram"":""luxehairlounge"",""facebook"":""LuxeHairLounge""}}","{""monday"":""10:00 AM - 8:00 PM"",""tuesday"":""10:00 AM - 8:00 PM"",""wednesday"":""10:00 AM - 8:00 PM"",""thursday"":""10:00 AM - 9:00 PM"",""friday"":""10:00 AM - 9:00 PM"",""saturday"":""9:00 AM - 7:00 PM"",""sunday"":""11:00 AM - 5:00 PM""}"
78,Premier Lounge,Gym,https://images.unsplash.com/photo-1595475884562-073c30d45670?auto=format&fit=crop&w=600&h=400,4.9,203,Where style meets sophistication. Expert stylists create stunning looks.,Dubai,Marina,"789 N Michigan Ave, Chicago",$$,Yoga; Strength Training; Personal Training,"{""phone"":""345-678-9012"",""email"":""info@styleandgrace.com"",""website"":""www.styleandgrace.com"",""social"":{""instagram"":""styleandgrace"",""facebook"":""StyleAndGrace""}}","{""monday"":""9:00 AM - 6:00 PM"",""tuesday"":""9:00 AM - 6:00 PM"",""wednesday"":""9:00 AM - 8:00 PM"",""thursday"":""9:00 AM - 8:00 PM"",""friday"":""9:00 AM - 6:00 PM"",""saturday"":""8:00 AM - 5:00 PM"",""sunday"":""Closed""}"
79,Chic Gym,Hair Salon,https://images.unsplash.com/photo-1600948836101-f9ffda59d250?auto=format&fit=crop&w=600&h=400,4.6,167,Contemporary salon focusing on modern techniques and trends.,Dubai,Downtown,"321 Ocean Drive, San Francisco",$$,Hair Styling; Women's Haircut; Hair Coloring,"{""phone"":""456-789-0123"",""email"":""hello@chicandshine.com"",""website"":""www.chicandshine.com"",""social"":{""instagram"":""chicandshine"",""facebook"":""ChicAndShine""}}","{""monday"":""10:00 AM - 7:00 PM"",""tuesday"":""10:00 AM - 7:00 PM"",""wednesday"":""10:00 AM - 8:00 PM"",""thursday"":""10:00 AM - 8:00 PM"",""friday"":""10:00 AM - 7:00 PM"",""saturday"":""9:00 AM - 6:00 PM"",""sunday"":""Closed""}"
80,Grand Haven,Gym,https://images.unsplash.com/photo-1585747860715-2ba37e788b70?auto=format&fit=crop&w=600&h=400,4.9,245,Traditional barbershop offering classic cuts and hot towel shaves.,Berlin,Charlottenburg,"567 Market St, San Francisco",$$,Yoga; Strength Training; Personal Training,"{""phone"":""567-890-1234"",""email"":""info@classiccuts.com"",""website"":""www.classiccuts.com"",""social"":{""instagram"":""classiccuts"",""facebook"":""ClassicCutsBarbershop""}}","{""monday"":""8:00 AM - 7:00 PM"",""tuesday"":""8:00 AM - 7:00 PM"",""wednesday"":""8:00 AM - 7:00 PM"",""thursday"":""8:00 AM - 8:00 PM"",""friday"":""8:00 AM - 8:00 PM"",""saturday"":""7:00 AM - 6:00 PM"",""sunday"":""9:00 AM - 3:00 PM""}"
81,Trendy Salon,Hair Salon,https://images.unsplash.com/photo-1521590832167-7bcbfaa6381f?auto=format&fit=crop&w=600&h=400,4.8,128,Luxury hair salon offering premium services with expert stylists and a serene atmosphere.,Berlin,Mitte,"123 5th Ave, Manhattan, New York",$$,Women's Haircut; Men's Haircut; Hair Styling,"{""phone"":""123-456-7890"",""email"":""info@elitehairstudio.com"",""website"":""www.elitehairstudio.com"",""social"":{""instagram"":""elitehairstudio"",""facebook"":""EliteHairStudio""}}","{""monday"":""9:00 AM - 7:00 PM"",""tuesday"":""9:00 AM - 7:00 PM"",""wednesday"":""9:00 AM - 7:00 PM"",""thursday"":""9:00 AM - 8:00 PM"",""friday"":""9:00 AM - 8:00 PM"",""saturday"":""9:00 AM - 6:00 PM"",""sunday"":""Closed""}"
82,Grand Spa,Beauty Salon,https://images.unsplash.com/photo-1560066984-138dadb4c035?auto=format&fit=crop&w=600&h=400,4.7,156,"Experience luxury hair care in our modern, upscale salon.",Sydney,Bondi,"456 Rodeo Dr, Beverly Hills, Los Angeles",$$$,Facials; Nail Services; Waxing,"{""phone"":""234-567-8901"",""email"":""hello@luxehairlounge.com"",""website"":""www.luxehairlounge.com"",""social"":{""instagram"":""luxehairlounge"",""facebook"":""LuxeHairLounge""}}","{""monday"":""10:00 AM - 8:00 PM"",""tuesday"":""10:00 AM - 8:00 PM"",""wednesday"":""10:00 AM - 8:00 PM"",""thursday"":""10:00 AM - 9:00 PM"",""friday"":""10:00 AM - 9:00 PM"",""saturday"":""9:00 AM - 7:00 PM"",""sunday"":""11:00 AM - 5:00 PM""}"
83,Luxe Gym,Beauty Salon,https://images.unsplash.com/photo-1595475884562-073c30d45670?auto=format&fit=crop&w=600&h=400,4.9,203,Where style meets sophistication. Expert stylists create stunning looks.,Tokyo,Ginza,"789 N Michigan Ave, Chicago",$$,Facials; Waxing; Nail Services,"{""phone"":""345-678-9012"",""email"":""info@styleandgrace.com"",""website"":""www.styleandgrace.com"",""social"":{""instagram"":""styleandgrace"",""facebook"":""StyleAndGrace""}}","{""monday"":""9:00 AM - 6:00 PM"",""tuesday"":""9:00 AM - 6:00 PM"",""wednesday"":""9:00 AM - 8:00 PM"",""thursday"":""9:00 AM - 8:00 PM"",""friday"":""9:00 AM - 6:00 PM"",""saturday"":""8:00 AM - 5:00 PM"",""sunday"":""Closed""}"
84,Luxe Haven,Hair Salon,https://images.unsplash.com/photo-1600948836101-f9ffda59d250?auto=format&fit=crop&w=600&h=400,4.6,167,Contemporary salon focusing on modern techniques and trends.,Los Angeles,Hollywood,"321 Ocean Drive, San Francisco",$$,Women's Haircut; Hair Styling; Men's Haircut,"{""phone"":""456-789-0123"",""email"":""hello@chicandshine.com"",""website"":""www.chicandshine.com"",""social"":{""instagram"":""chicandshine"",""facebook"":""ChicAndShine""}}","{""monday"":""10:00 AM - 7:00 PM"",""tuesday"":""10:00 AM - 7:00 PM"",""wednesday"":""10:00 AM - 8:00 PM"",""thursday"":""10:00 AM - 8:00 PM"",""friday"":""10:00 AM - 7:00 PM"",""saturday"":""9:00 AM - 6:00 PM"",""sunday"":""Closed""}"
85,Modern Beauty,Gym,https://images.unsplash.com/photo-1585747860715-2ba37e788b70?auto=format&fit=crop&w=600&h=400,4.9,245,Traditional barbershop offering classic cuts and hot towel shaves.,New York,Brooklyn,"567 Market St, San Francisco",$$,Personal Training; Strength Training; Yoga,"{""phone"":""567-890-1234"",""email"":""info@classiccuts.com"",""website"":""www.classiccuts.com"",""social"":{""instagram"":""classiccuts"",""facebook"":""ClassicCutsBarbershop""}}","{""monday"":""8:00 AM - 7:00 PM"",""tuesday"":""8:00 AM - 7:00 PM"",""wednesday"":""8:00 AM - 7:00 PM"",""thursday"":""8:00 AM - 8:00 PM"",""friday"":""8:00 AM - 8:00 PM"",""saturday"":""7:00 AM - 6:00 PM"",""sunday"":""9:00 AM - 3:00 PM""}"
86,Grand Salon,Barbershop,https://images.unsplash.com/photo-1521590832167-7bcbfaa6381f?auto=format&fit=crop&w=600&h=400,4.8,128,Luxury hair salon offering premium services with expert stylists and a serene atmosphere.,Los Angeles,Hollywood,"123 5th Ave, Manhattan, New York",$$,Classic Haircuts; Hot Towel Shaves; Beard Trimming,"{""phone"":""123-456-7890"",""email"":""info@elitehairstudio.com"",""website"":""www.elitehairstudio.com"",""social"":{""instagram"":""elitehairstudio"",""facebook"":""EliteHairStudio""}}","{""monday"":""9:00 AM - 7:00 PM"",""tuesday"":""9:00 AM - 7:00 PM"",""wednesday"":""9:00 AM - 7:00 PM"",""thursday"":""9:00 AM - 8:00 PM"",""friday"":""9:00 AM - 8:00 PM"",""saturday"":""9:00 AM - 6:00 PM"",""sunday"":""Closed""}"
87,Premier Salon,Hair Salon,https://images.unsplash.com/photo-1560066984-138dadb4c035?auto=format&fit=crop&w=600&h=400,4.7,156,"Experience luxury hair care in our modern, upscale salon.",Sydney,Bondi,"456 Rodeo Dr, Beverly Hills, Los Angeles",$$$,Hair Styling; Hair Coloring; Men's Haircut,"{""phone"":""234-567-8901"",""email"":""hello@luxehairlounge.com"",""website"":""www.luxehairlounge.com"",""social"":{""instagram"":""luxehairlounge"",""facebook"":""LuxeHairLounge""}}","{""monday"":""10:00 AM - 8:00 PM"",""tuesday"":""10:00 AM - 8:00 PM"",""wednesday"":""10:00 AM - 8:00 PM"",""thursday"":""10:00 AM - 9:00 PM"",""friday"":""10:00 AM - 9:00 PM"",""saturday"":""9:00 AM - 7:00 PM"",""sunday"":""11:00 AM - 5:00 PM""}"
88,Stylish Barbers,Hair Salon,https://images.unsplash.com/photo-1595475884562-073c30d45670?auto=format&fit=crop&w=600&h=400,4.9,203,Where style meets sophistication. Expert stylists create stunning looks.,Dubai,Downtown,"789 N Michigan Ave, Chicago",$$,Women's Haircut; Hair Styling; Men's Haircut,"{""phone"":""345-678-9012"",""email"":""info@styleandgrace.com"",""website"":""www.styleandgrace.com"",""social"":{""instagram"":""styleandgrace"",""facebook"":""StyleAndGrace""}}","{""monday"":""9:00 AM - 6:00 PM"",""tuesday"":""9:00 AM - 6:00 PM"",""wednesday"":""9:00 AM - 8:00 PM"",""thursday"":""9:00 AM - 8:00 PM"",""friday"":""9:00 AM - 6:00 PM"",""saturday"":""8:00 AM - 5:00 PM"",""sunday"":""Closed""}"
89,Premier Retreat,Hair Salon,https://images.unsplash.com/photo-1600948836101-f9ffda59d250?auto=format&fit=crop&w=600&h=400,4.6,167,Contemporary salon focusing on modern techniques and trends.,Los Angeles,Hollywood,"321 Ocean Drive, San Francisco",$$,Men's Haircut; Hair Coloring; Women's Haircut,"{""phone"":""456-789-0123"",""email"":""hello@chicandshine.com"",""website"":""www.chicandshine.com"",""social"":{""instagram"":""chicandshine"",""facebook"":""ChicAndShine""}}","{""monday"":""10:00 AM - 7:00 PM"",""tuesday"":""10:00 AM - 7:00 PM"",""wednesday"":""10:00 AM - 8:00 PM"",""thursday"":""10:00 AM - 8:00 PM"",""friday"":""10:00 AM - 7:00 PM"",""saturday"":""9:00 AM - 6:00 PM"",""sunday"":""Closed""}"
90,Classic Barbers,Gym,https://images.unsplash.com/photo-1585747860715-2ba37e788b70?auto=format&fit=crop&w=600&h=400,4.9,245,Traditional barbershop offering classic cuts and hot towel shaves.,Dubai,Downtown,"567 Market St, San Francisco",$$,Yoga; Personal Training; Strength Training,"{""phone"":""567-890-1234"",""email"":""info@classiccuts.com"",""website"":""www.classiccuts.com"",""social"":{""instagram"":""classiccuts"",""facebook"":""ClassicCutsBarbershop""}}","{""monday"":""8:00 AM - 7:00 PM"",""tuesday"":""8:00 AM - 7:00 PM"",""wednesday"":""8:00 AM - 7:00 PM"",""thursday"":""8:00 AM - 8:00 PM"",""friday"":""8:00 AM - 8:00 PM"",""saturday"":""7:00 AM - 6:00 PM"",""sunday"":""9:00 AM - 3:00 PM""}"
91,Trendy Spa,Hair Salon,https://images.unsplash.com/photo-1521590832167-7bcbfaa6381f?auto=format&fit=crop&w=600&h=400,4.8,128,Luxury hair salon offering premium services with expert stylists and a serene atmosphere.,Berlin,Mitte,"123 5th Ave, Manhattan, New York",$$,Hair Coloring; Hair Styling; Women's Haircut,"{""phone"":""123-456-7890"",""email"":""info@elitehairstudio.com"",""website"":""www.elitehairstudio.com"",""social"":{""instagram"":""elitehairstudio"",""facebook"":""EliteHairStudio""}}","{""monday"":""9:00 AM - 7:00 PM"",""tuesday"":""9:00 AM - 7:00 PM"",""wednesday"":""9:00 AM - 7:00 PM"",""thursday"":""9:00 AM - 8:00 PM"",""friday"":""9:00 AM - 8:00 PM"",""saturday"":""9:00 AM - 6:00 PM"",""sunday"":""Closed""}"
92,Stylish Spa,Hair Salon,https://images.unsplash.com/photo-1560066984-138dadb4c035?auto=format&fit=crop&w=600&h=400,4.7,156,"Experience luxury hair care in our modern, upscale salon.",London,Chelsea,"456 Rodeo Dr, Beverly Hills, Los Angeles",$$$,Hair Styling; Men's Haircut; Women's Haircut,"{""phone"":""234-567-8901"",""email"":""hello@luxehairlounge.com"",""website"":""www.luxehairlounge.com"",""social"":{""instagram"":""luxehairlounge"",""facebook"":""LuxeHairLounge""}}","{""monday"":""10:00 AM - 8:00 PM"",""tuesday"":""10:00 AM - 8:00 PM"",""wednesday"":""10:00 AM - 8:00 PM"",""thursday"":""10:00 AM - 9:00 PM"",""friday"":""10:00 AM - 9:00 PM"",""saturday"":""9:00 AM - 7:00 PM"",""sunday"":""11:00 AM - 5:00 PM""}"
93,Chic Lounge,Beauty Salon,https://images.unsplash.com/photo-1595475884562-073c30d45670?auto=format&fit=crop&w=600&h=400,4.9,203,Where style meets sophistication. Expert stylists create stunning looks.,Berlin,Charlottenburg,"789 N Michigan Ave, Chicago",$$,Nail Services; Facials; Makeup Application,"{""phone"":""345-678-9012"",""email"":""info@styleandgrace.com"",""website"":""www.styleandgrace.com"",""social"":{""instagram"":""styleandgrace"",""facebook"":""StyleAndGrace""}}","{""monday"":""9:00 AM - 6:00 PM"",""tuesday"":""9:00 AM - 6:00 PM"",""wednesday"":""9:00 AM - 8:00 PM"",""thursday"":""9:00 AM - 8:00 PM"",""friday"":""9:00 AM - 6:00 PM"",""saturday"":""8:00 AM - 5:00 PM"",""sunday"":""Closed""}"
94,Chic Haven,Spa,https://images.unsplash.com/photo-1600948836101-f9ffda59d250?auto=format&fit=crop&w=600&h=400,4.6,167,Contemporary salon focusing on modern techniques and trends.,Berlin,Mitte,"321 Ocean Drive, San Francisco",$$,Massages; Facial Treatments; Body Scrubs,"{""phone"":""456-789-0123"",""email"":""hello@chicandshine.com"",""website"":""www.chicandshine.com"",""social"":{""instagram"":""chicandshine"",""facebook"":""ChicAndShine""}}","{""monday"":""10:00 AM - 7:00 PM"",""tuesday"":""10:00 AM - 7:00 PM"",""wednesday"":""10:00 AM - 8:00 PM"",""thursday"":""10:00 AM - 8:00 PM"",""friday"":""10:00 AM - 7:00 PM"",""saturday"":""9:00 AM - 6:00 PM"",""sunday"":""Closed""}"
95,Elite Barbers,Beauty Salon,https://images.unsplash.com/photo-1585747860715-2ba37e788b70?auto=format&fit=crop&w=600&h=400,4.9,245,Traditional barbershop offering classic cuts and hot towel shaves.,Los Angeles,Beverly Hills,"567 Market St, San Francisco",$$,Nail Services; Facials; Waxing,"{""phone"":""567-890-1234"",""email"":""info@classiccuts.com"",""website"":""www.classiccuts.com"",""social"":{""instagram"":""classiccuts"",""facebook"":""ClassicCutsBarbershop""}}","{""monday"":""8:00 AM - 7:00 PM"",""tuesday"":""8:00 AM - 7:00 PM"",""wednesday"":""8:00 AM - 7:00 PM"",""thursday"":""8:00 AM - 8:00 PM"",""friday"":""8:00 AM - 8:00 PM"",""saturday"":""7:00 AM - 6:00 PM"",""sunday"":""9:00 AM - 3:00 PM""}"
96,Premier Barbers,Barbershop,https://images.unsplash.com/photo-1521590832167-7bcbfaa6381f?auto=format&fit=crop&w=600&h=400,4.8,128,Luxury hair salon offering premium services with expert stylists and a serene atmosphere.,London,Soho,"123 5th Ave, Manhattan, New York",$$,Classic Haircuts; Beard Trimming; Hot Towel Shaves,"{""phone"":""123-456-7890"",""email"":""info@elitehairstudio.com"",""website"":""www.elitehairstudio.com"",""social"":{""instagram"":""elitehairstudio"",""facebook"":""EliteHairStudio""}}","{""monday"":""9:00 AM - 7:00 PM"",""tuesday"":""9:00 AM - 7:00 PM"",""wednesday"":""9:00 AM - 7:00 PM"",""thursday"":""9:00 AM - 8:00 PM"",""friday"":""9:00 AM - 8:00 PM"",""saturday"":""9:00 AM - 6:00 PM"",""sunday"":""Closed""}"
97,Royal Haven,Beauty Salon,https://images.unsplash.com/photo-1560066984-138dadb4c035?auto=format&fit=crop&w=600&h=400,4.7,156,"Experience luxury hair care in our modern, upscale salon.",Berlin,Mitte,"456 Rodeo Dr, Beverly Hills, Los Angeles",$$$,Facials; Waxing; Makeup Application,"{""phone"":""234-567-8901"",""email"":""hello@luxehairlounge.com"",""website"":""www.luxehairlounge.com"",""social"":{""instagram"":""luxehairlounge"",""facebook"":""LuxeHairLounge""}}","{""monday"":""10:00 AM - 8:00 PM"",""tuesday"":""10:00 AM - 8:00 PM"",""wednesday"":""10:00 AM - 8:00 PM"",""thursday"":""10:00 AM - 9:00 PM"",""friday"":""10:00 AM - 9:00 PM"",""saturday"":""9:00 AM - 7:00 PM"",""sunday"":""11:00 AM - 5:00 PM""}"
98,Luxe Spa,Barbershop,https://images.unsplash.com/photo-1595475884562-073c30d45670?auto=format&fit=crop&w=600&h=400,4.9,203,Where style meets sophistication. Expert stylists create stunning looks.,Paris,Montmartre,"789 N Michigan Ave, Chicago",$$,Hot Towel Shaves; Classic Haircuts; Beard Trimming,"{""phone"":""345-678-9012"",""email"":""info@styleandgrace.com"",""website"":""www.styleandgrace.com"",""social"":{""instagram"":""styleandgrace"",""facebook"":""StyleAndGrace""}}","{""monday"":""9:00 AM - 6:00 PM"",""tuesday"":""9:00 AM - 6:00 PM"",""wednesday"":""9:00 AM - 8:00 PM"",""thursday"":""9:00 AM - 8:00 PM"",""friday"":""9:00 AM - 6:00 PM"",""saturday"":""8:00 AM - 5:00 PM"",""sunday"":""Closed""}"
99,Trendy Haven,Gym,https://images.unsplash.com/photo-1600948836101-f9ffda59d250?auto=format&fit=crop&w=600&h=400,4.6,167,Contemporary salon focusing on modern techniques and trends.,New York,Brooklyn,"321 Ocean Drive, San Francisco",$$,Group Classes; Yoga; Strength Training,"{""phone"":""456-789-0123"",""email"":""hello@chicandshine.com"",""website"":""www.chicandshine.com"",""social"":{""instagram"":""chicandshine"",""facebook"":""ChicAndShine""}}","{""monday"":""10:00 AM - 7:00 PM"",""tuesday"":""10:00 AM - 7:00 PM"",""wednesday"":""10:00 AM - 8:00 PM"",""thursday"":""10:00 AM - 8:00 PM"",""friday"":""10:00 AM - 7:00 PM"",""saturday"":""9:00 AM - 6:00 PM"",""sunday"":""Closed""}"
100,Royal Retreat,Spa,https://images.unsplash.com/photo-1585747860715-2ba37e788b70?auto=format&fit=crop&w=600&h=400,4.9,245,Traditional barbershop offering classic cuts and hot towel shaves.,Los Angeles,Beverly Hills,"567 Market St, San Francisco",$$,Massages; Saunas; Body Scrubs,"{""phone"":""567-890-1234"",""email"":""info@classiccuts.com"",""website"":""www.classiccuts.com"",""social"":{""instagram"":""classiccuts"",""facebook"":""ClassicCutsBarbershop""}}","{""monday"":""8:00 AM - 7:00 PM"",""tuesday"":""8:00 AM - 7:00 PM"",""wednesday"":""8:00 AM - 7:00 PM"",""thursday"":""8:00 AM - 8:00 PM"",""friday"":""8:00 AM - 8:00 PM"",""saturday"":""7:00 AM - 6:00 PM"",""sunday"":""9:00 AM - 3:00 PM""}"